id,response,prob
1,0,0.176090270596053
2,1,0.833014652606814
3,0,0.287629105457789
4,0,0.807006516282976
5,1,0.849814233953615
6,0,0.634744764485317
7,0,0.033899575742043
8,0,0.963340257800214
9,0,0.376714327912154
10,0,0.061079306549611
11,0,0.8506582141062
12,0,0.336351540496131
13,0,0.873889592350009
14,0,0.582034985755927
15,0,0.709123973232027
16,1,0.766994007036518
17,0,0.321785075335065
18,1,0.370135962337431
19,0,0.09867782739476
20,0,0.374074346032071
21,0,0.888204674314231
22,0,0.550671490444769
23,0,0.170488361057023
24,0,0.801955640536464
25,0,0.539413107064557
26,0,0.435019928006837
27,0,0.348249220013209
28,0,0.530527248950422
29,1,0.897374064426413
30,1,0.497421869047231
31,1,0.588146126680883
32,0,0.95874555597782
33,1,0.278131762027751
34,0,0.835346738526829
35,1,0.574005514237627
36,0,0.809369925001395
37,0,0.586818294104452
38,1,0.493138186501892
39,0,0.011980286455305
40,1,0.983074089294145
41,0,0.927750233454735
42,0,0.877610875865497
43,0,0.529731753899427
44,1,0.538296470645366
45,0,0.54393426494208
46,1,0.124388940804554
47,0,0.009979624344087
48,0,0.104062253035473
49,1,0.945218135674476
50,0,0.342346452140251
51,1,0.45957982246618
52,0,0.224334363345791
53,0,0.15328156755574
54,0,0.526761381039955
55,1,0.055594920581368
56,1,0.572670050712654
57,0,0.893226718062477
58,0,0.871446272827827
59,1,0.309429659533678
60,1,0.863666108159548
61,0,0.869740078736287
62,0,0.178914916840218
63,0,0.494634558396509
64,0,0.903638698618408
65,1,0.89404128133868
66,0,0.514861458192793
67,0,0.43255468329329
68,1,0.669982914325924
69,0,0.67267441698435
70,0,0.511319513678007
71,1,0.258732604817274
72,0,0.33798219630377
73,0,0.092837965142725
74,0,0.9034522839315
75,0,0.325203735543877
76,1,0.044783625141713
77,0,0.669677702140584
78,0,0.241491652456239
79,1,0.54281171580214
80,0,0.546292519492883
81,1,0.508439390297431
82,0,0.459342669367665
83,1,0.946358324763578
84,1,0.487519603370302
85,0,0.788924477985668
86,0,0.167572795186469
87,0,0.85013028789013
88,0,0.043474562691898
89,0,0.226049611528642
90,1,0.341042969258625
91,0,0.812804560762378
92,1,0.956758636021598
93,0,0.522270754966787
94,0,0.656421187560349
95,0,0.596933748767015
96,0,0.554863492265884
97,0,0.897621334285336
98,1,0.988754227905902
99,0,0.551155034597782
100,0,0.16570302307383
101,1,0.820998188294291
102,0,0.054224384722429
103,0,0.829871044598968
104,0,0.553559498328753
105,1,0.316021076285325
106,0,0.091510877328413
107,1,0.007814059129108
108,0,0.839887505985482
109,0,0.269036993861123
110,0,0.363440114801811
111,0,0.674062916095711
112,0,0.080093499960884
113,0,0.823069350651692
114,0,0.825000101376611
115,0,0.686054120950583
116,0,0.005325711223597
117,0,0.870205720618495
118,0,0.511583662710696
119,0,0.827660813747831
120,0,0.279937757079805
121,1,0.24495639505329
122,1,0.036970064573912
123,0,0.762463926876262
124,0,0.543190974652694
125,0,0.47020891116614
126,0,0.55476863882816
127,0,0.166907348251166
128,0,0.622468152593986
129,1,0.174856035537106
130,0,0.978324787203012
131,0,0.610304904195323
132,0,0.226915547684641
133,0,0.024151833735444
134,0,0.904387088769644
135,0,0.199768064502866
136,0,0.585320691864814
137,0,0.490904909097602
138,1,0.920757431289041
139,0,0.252163404457962
140,0,0.637187117847341
141,0,0.217004029040585
142,1,0.724326688172597
143,0,0.349780349127043
144,0,0.813822069717782
145,1,0.1046588710459
146,0,0.789161985528206
147,0,0.175039725079442
148,0,0.908782810038216
149,1,0.829961810519703
150,0,0.770173840390575
151,0,0.277883535252876
152,0,0.02739932747211
153,0,0.57355280083087
154,0,0.525272955548729
155,1,0.376576996712572
156,0,0.761120692510471
157,0,0.424218468837463
158,0,0.607994064767027
159,1,0.350168476963424
160,1,0.164274817329014
161,0,0.372889682803195
162,0,0.326951329875413
163,0,0.261646506154623
164,0,0.393892179607912
165,1,0.219737924603981
166,0,0.958555824148739
167,0,0.635541967687087
168,0,0.839623477759319
169,1,0.499704759986371
170,0,0.188059131015172
171,0,0.429105941870814
172,0,0.516162717181964
173,0,0.770384323342172
174,0,0.619404996629393
175,0,0.559047132497606
176,0,0.018222446798915
177,0,0.255904268121511
178,0,0.36510695271213
179,0,0.692201737519858
180,0,0.227624068358428
181,0,0.807041420968038
182,0,0.506504171462621
183,1,0.23937475158998
184,1,0.027753346204023
185,0,0.625067634655073
186,1,0.086201844588431
187,0,0.731818845361782
188,0,0.576859217627311
189,0,0.864230351337475
190,0,0.430425380543562
191,0,0.420174610933092
192,1,0.504729970497366
193,0,0.362229577673681
194,0,0.621210862961199
195,0,0.837970943471331
196,0,0.662242526732021
197,0,0.238710070175435
198,0,0.661555328707275
199,0,0.927257102220481
200,0,0.513559820317783
201,0,0.814607664298628
202,0,0.196898459214278
203,0,0.61243933775318
204,0,0.284566313975253
205,0,0.527842814972036
206,0,0.395636868920022
207,0,0.916486731262844
208,0,0.700023132881967
209,0,0.559468787761823
210,0,0.97713853765363
211,0,0.428504858061955
212,0,0.729389514692768
213,0,0.662968207100091
214,0,0.878819672576918
215,0,0.258330328346291
216,1,0.489846283575241
217,0,0.170712584504234
218,0,0.06585057743122
219,0,0.851597368850629
220,0,0.211534742162089
221,0,0.150717411827491
222,1,0.108868868558121
223,0,0.880541522349141
224,1,0.45701161072265
225,0,0.081377368737734
226,0,0.11668465973543
227,0,0.399447091197462
228,0,0.003122800804386
229,1,0.092222535896457
230,1,0.257959844838329
231,0,0.35808930225602
232,1,0.49758977268672
233,1,0.038156724332342
234,0,0.015347716378396
235,1,0.412737256451823
236,0,0.164790884233871
237,0,0.774951952680498
238,0,0.222874805225832
239,0,0.418372396401839
240,1,0.406308703334412
241,1,0.72382531118487
242,0,0.213883425004804
243,0,0.883737360192163
244,0,0.874138186469266
245,0,0.097124701744227
246,0,0.255897222143068
247,1,0.554271237791865
248,0,0.305793415605558
249,0,0.781144984636293
250,0,0.838028918412509
251,0,0.016549941059082
252,0,0.349786599681427
253,0,0.168822569835696
254,1,0.281520317156916
255,0,0.584938681496152
256,0,0.305010209744992
257,1,0.07735711306728
258,1,0.837449826470315
259,1,0.647105943370212
260,0,0.948768532729205
261,0,0.226453809563279
262,0,0.406876011838976
263,1,0.138503093572967
264,0,0.812386765230349
265,0,0.261464642864029
266,1,0.088267959699264
267,0,0.89583684126549
268,0,0.773486184055968
269,0,0.170067165778666
270,1,0.691542750650313
271,0,0.398277530282368
272,1,0.529631475380615
273,0,0.461896609410685
274,0,0.05358723901556
275,0,0.901784072544008
276,0,0.664965925447145
277,0,0.056327135975722
278,0,0.989045786941093
279,0,0.527761920930432
280,0,0.764423211485168
281,0,0.4870603280485
282,1,0.775560487657059
283,0,0.012296191411738
284,0,0.794199482735197
285,0,0.555461251357479
286,0,0.37376268558625
287,0,0.80267933068172
288,1,0.004391415054023
289,0,0.491742023993992
290,0,0.646675150830553
291,0,0.142936960085435
292,0,0.991338159640961
293,0,0.755467739912537
294,0,0.576465690288036
295,0,0.628483811368164
296,0,0.506277402484681
297,1,0.141791684207146
298,1,0.545258573194027
299,0,0.059614403443377
300,0,0.935077636917761
301,1,0.080912927103517
302,0,0.171863822658425
303,1,0.717336576456048
304,0,0.368480577316787
305,1,0.654894374288232
306,0,0.654929872424504
307,0,0.518550858927851
308,1,0.307515985722572
309,1,0.724048143330265
310,1,0.489707941872721
311,0,0.969852473406918
312,0,0.269676367261893
313,0,0.139936449216937
314,1,0.343724784040108
315,1,0.815197494323095
316,1,0.398166716524115
317,0,0.389067107099619
318,0,0.834798118001181
319,0,0.337802573067027
320,1,0.699310131492391
321,0,0.223446357567925
322,0,0.7734959755813
323,0,0.13053443449691
324,0,0.227612799087734
325,1,0.353167584935249
326,0,0.714351482738564
327,0,0.23165098037577
328,0,0.858896761095404
329,0,0.118474623985438
330,0,0.881288591843665
331,0,0.609748790341809
332,0,0.612570731659198
333,0,0.160646541555251
334,1,0.31429390419172
335,1,0.905416237629676
336,0,0.545069559308451
337,0,0.881249200206551
338,0,0.288442565544302
339,0,0.86485272679265
340,1,0.19552074951049
341,0,0.043202697209138
342,0,0.649975725947221
343,1,0.782499455145099
344,1,0.234749300711558
345,1,0.537358099075292
346,0,0.775876213668477
347,0,0.218608603499954
348,0,0.075293914406499
349,1,0.289508406882605
350,0,0.328054292639933
351,0,0.412528434156937
352,0,0.135576292861068
353,1,0.160576935918873
354,0,0.777910672020651
355,1,0.2657668610749
356,0,0.007326881603436
357,0,0.417845072291343
358,0,0.821286734348696
359,0,0.760501961491082
360,1,0.147358721116971
361,0,0.494179378766985
362,0,0.393862343099183
363,0,0.006476666212195
364,0,0.795542334458518
365,1,0.901281515296037
366,0,0.481830095824456
367,0,0.534885836492454
368,1,0.878217151949126
369,0,0.643193011200753
370,0,0.270540258958898
371,0,0.848622850087297
372,0,0.512162764654567
373,1,0.637026882388066
374,0,0.040760446401728
375,0,0.704733920206296
376,0,0.785625751937335
377,0,0.002568425801126
378,0,0.82797445043893
379,0,0.448371722375638
380,0,0.927411076811017
381,1,0.047352174941239
382,0,0.94207642272648
383,1,0.610690461266168
384,0,0.83501306519475
385,0,0.480053870403721
386,0,0.952669254360829
387,0,0.406606477899592
388,1,0.874930195436912
389,0,0.891763740386628
390,0,0.668482025205076
391,1,0.202097978115168
392,1,0.064314674888588
393,0,0.075658665353221
394,0,0.396685471297058
395,1,0.824358065330681
396,0,0.380516540934786
397,1,0.564825333776015
398,0,0.367619738141188
399,1,0.598437512949865
400,0,0.042072418185749
401,0,0.802048736790948
402,0,0.29974111208754
403,1,0.740854916334771
404,0,0.144330989999633
405,0,0.79438167292463
406,0,0.065682288641351
407,1,0.430350840094838
408,1,0.36757795364579
409,1,0.878260144665624
410,0,0.845678297230474
411,1,0.299055895189849
412,0,0.031037610333503
413,0,0.449002133321217
414,0,0.110691854205841
415,0,0.884846373044168
416,0,0.619008154942621
417,0,0.175015818944386
418,0,0.312429170996362
419,0,0.102315075264764
420,0,0.562063611279349
421,0,0.934726167396641
422,1,0.352360425253993
423,0,0.522490702382231
424,0,0.721186585440689
425,0,0.993204344224663
426,0,0.750431266637671
427,1,0.958793410057636
428,1,0.574408339483522
429,0,0.16143335835005
430,0,0.496998132552632
431,1,0.753741688081418
432,0,0.364496449798498
433,0,0.70603669458688
434,1,0.862214224942958
435,0,0.224862056577268
436,0,0.279003189688051
437,0,0.356600101067781
438,0,0.584166684328342
439,0,0.355477870874176
440,0,0.851369395785424
441,0,0.872944893939694
442,0,0.647588707018161
443,1,0.039624371980391
444,0,0.303321554222245
445,0,0.530900202855861
446,0,0.514567578187902
447,1,0.115936445471649
448,0,0.153738802799726
449,0,0.484353670408889
450,0,0.51163133550395
451,0,0.868673544312138
452,0,0.541172357208196
453,0,0.040615362300481
454,1,0.205326125996915
455,1,0.345874470264124
456,0,0.93410720401621
457,1,0.06916462487278
458,0,0.54987681399436
459,0,0.503846719507249
460,0,0.333706412289365
461,1,0.53074397506963
462,1,0.451408673987479
463,0,0.88085911032299
464,1,0.482720511946653
465,1,0.340974925943524
466,0,0.419295716624328
467,1,0.864260945853552
468,0,0.752508299097843
469,0,0.749592096087149
470,1,0.126904095023703
471,0,0.58569449561891
472,0,0.76567012298573
473,0,0.290307474239024
474,1,0.101083872881049
475,0,0.834877516211683
476,0,0.895474028425986
477,0,0.103818247037806
478,0,0.217933997640506
479,0,0.87490599800154
480,0,0.864166242973665
481,0,0.158038476912839
482,0,0.939830838818345
483,0,0.865470649449351
484,0,0.657905682550115
485,0,0.215794534225132
486,0,0.986394273001663
487,0,0.038894357415155
488,0,0.287683094488875
489,1,0.055141705111403
490,1,0.390187537531233
491,0,0.42797313182999
492,1,0.553800689163846
493,0,0.430955076165584
494,0,0.926664301654988
495,0,0.031537599610885
496,1,0.612431379151585
497,0,0.695389221960041
498,0,0.495933331295447
499,0,0.749103547128778
500,0,0.518672756187337
501,0,0.38910792904476
502,1,0.554342911881037
503,0,0.497600216655365
504,0,0.375956599932241
505,0,0.221469466718449
506,1,0.402521159473155
507,0,0.883419232440515
508,0,0.419782557937843
509,1,0.429332883702583
510,0,0.044715795865931
511,0,0.26139063867296
512,0,0.651554906051391
513,0,0.937061698003658
514,0,0.467121742887516
515,0,0.573889150492054
516,0,0.907304658730791
517,0,0.503185022035362
518,0,0.505811027201364
519,0,0.107278664811154
520,1,0.55074518603172
521,1,0.560879883564082
522,0,0.010080899213502
523,1,0.425847196204611
524,0,0.975278503847479
525,0,0.187008688964566
526,0,0.123065746049393
527,1,0.27779730988693
528,0,0.309044100586381
529,0,0.389809186840063
530,0,0.444570197120348
531,0,0.846366198101813
532,0,0.828153282834292
533,1,0.589075081682431
534,1,0.096807373716929
535,0,0.151789151910251
536,1,0.204590489737642
537,0,0.339245707339931
538,0,0.020855128448652
539,1,0.431338881295785
540,1,0.778018637702557
541,1,0.530422579958465
542,1,0.699108515745841
543,0,0.105389412910421
544,0,0.304230455734414
545,0,0.147788776791977
546,0,0.14977905600977
547,0,0.991766690153338
548,1,0.975329771411194
549,0,0.860969921054089
550,0,0.038770346954405
551,0,0.195758253254676
552,0,0.34666530500114
553,0,0.096220926629651
554,0,0.750296944255676
555,0,0.837829512565321
556,0,0.621150444125387
557,0,0.518162044684397
558,0,0.09850452039199
559,0,0.655505720083236
560,0,0.419787671402883
561,0,0.472592865193113
562,0,0.224957049429151
563,0,0.531157121664808
564,0,0.769116238997825
565,0,0.928645226364747
566,1,0.343071804435153
567,0,0.206589721530244
568,0,0.720002598220436
569,1,0.097972964273733
570,0,0.601545548484851
571,1,0.378978583805029
572,0,0.47929173996152
573,0,0.565177625413894
574,1,0.902376579049307
575,0,0.894450535891076
576,0,0.140125835078085
577,0,0.472388213785177
578,0,0.459077844760799
579,0,0.237382986842339
580,0,0.312368183875502
581,0,0.131479026229542
582,0,0.257810121740653
583,1,0.54513592708526
584,1,0.363872755825892
585,1,0.725824719852541
586,0,0.40609663698498
587,0,0.266528168429694
588,0,0.528639170358239
589,0,0.398988292167419
590,0,0.293721204882269
591,0,0.592717247309822
592,0,0.731336078850548
593,0,0.858141297746784
594,0,0.527207308082114
595,0,0.984648278291992
596,1,0.627807806851207
597,0,0.425143682134975
598,1,0.031133168180425
599,0,0.063294455172667
600,0,0.456283343295593
601,0,0.674749439878648
602,0,0.263952063665225
603,1,0.991263080611883
604,0,0.990233190956574
605,0,0.745497599303618
606,1,0.314944228638054
607,1,0.703234606718514
608,0,0.891202214658816
609,0,0.825774431679737
610,1,0.750940110355548
611,0,0.371363606773286
612,1,0.481001770445547
613,0,0.330464148676258
614,0,0.666012504082917
615,1,0.668497601576718
616,0,0.729110205010813
617,0,0.842686702110717
618,0,0.46149922588109
619,0,0.430164741727798
620,0,0.806031869400087
621,0,0.03507074002551
622,1,0.268381843260382
623,1,0.40414724587146
624,0,0.862147595708169
625,0,0.912899476081477
626,0,0.369446833406369
627,0,0.236635270038901
628,0,0.431073231091805
629,0,0.065861235564498
630,0,0.858825146857263
631,1,0.455906985849996
632,0,0.82465714544457
633,1,0.506055742360787
634,1,0.917316431220714
635,0,0.57510959868749
636,0,0.159773145998055
637,0,0.416712374136973
638,1,0.795727854890152
639,0,0.808925807489189
640,0,0.278863869647148
641,0,0.396274482294795
642,0,0.398824655932769
643,0,0.264105190816118
644,0,0.068783171915283
645,0,0.05520837127157
646,0,0.905219522000087
647,0,0.370453773115494
648,0,0.545237904465531
649,1,0.36891810256712
650,0,0.033011530393433
651,0,0.344233353361863
652,1,0.730308333844666
653,0,0.910340902697818
654,0,0.648149473289656
655,0,0.514452630257138
656,0,0.830099396523749
657,0,0.858744371436755
658,0,0.099436690632382
659,0,0.333850569384131
660,1,0.733108634903771
661,0,0.35657506208656
662,0,0.385845773961496
663,0,0.399922024713634
664,0,0.055127968427337
665,0,0.837136668851478
666,1,0.542658683123285
667,0,0.987178939526165
668,1,0.525768165544803
669,0,0.586958981606562
670,1,0.123081131463611
671,1,0.353647706973899
672,1,0.085489573730669
673,1,0.650049157213398
674,0,0.684492134017765
675,0,0.931136904601957
676,0,0.132411059216902
677,0,0.339112506538724
678,0,0.188118476827575
679,0,0.794380127718122
680,0,0.041337172839379
681,0,0.891675193454282
682,0,0.517768074792308
683,0,0.169377282454961
684,0,0.576953455221028
685,1,0.406135971359067
686,1,0.287926991515111
687,0,0.280593794416408
688,0,0.497044718228955
689,0,0.514182983312554
690,1,0.256368720729227
691,0,0.745378787130886
692,0,0.612602130905729
693,0,0.803135883134443
694,0,0.275779780182949
695,0,0.313780856008325
696,0,0.185355346603752
697,0,0.311008983675636
698,0,0.351539495745983
699,0,0.937432254466391
700,0,0.593661675683794
701,0,0.465616464903235
702,0,0.75679207971916
703,0,0.121988790537917
704,0,0.702898995913288
705,0,0.601215101041152
706,0,0.538128538455271
707,1,0.167132200802474
708,0,0.886353165839461
709,0,0.815552014139733
710,0,0.803259493327582
711,0,0.913318776912374
712,0,0.466014911894448
713,0,0.95400036189107
714,0,0.044606333138756
715,0,0.555515722350011
716,0,0.529889816688542
717,0,0.081456087595237
718,1,0.942183814966293
719,0,0.929183148366651
720,0,0.928056827996436
721,1,0.328477015820765
722,0,0.959547713939542
723,1,0.3437595810133
724,0,0.08060784001791
725,1,0.883792321688158
726,0,0.983038654120743
727,0,0.763628819019661
728,1,0.784528550181743
729,0,0.916341859913082
730,0,0.811168284190856
731,0,0.803592713352588
732,0,0.991357822072928
733,0,0.698868286763459
734,0,0.407941405544086
735,0,0.77911617032092
736,1,0.068651775641164
737,0,0.844272620050927
738,1,0.146803927491719
739,0,0.054491211679275
740,0,0.160023938049107
741,0,0.473187815379358
742,1,0.37048159275262
743,0,0.575619569593093
744,0,0.030960601317904
745,0,0.629703090814888
746,0,0.672405205359153
747,0,0.93170406323332
748,0,0.052195869358623
749,1,0.992633685372308
750,1,0.536026036983243
751,1,0.446510663704727
752,0,0.403097727422049
753,0,0.732361036553185
754,0,0.776413170650495
755,1,0.699353327701747
756,0,0.573345807502701
757,0,0.861937567734335
758,0,0.236040835478219
759,0,0.270818197599358
760,0,0.149274248246486
761,0,0.181667865181995
762,0,0.616190853786405
763,0,0.403235215084929
764,0,0.977543102113263
765,0,0.040832322977238
766,0,0.943834619014617
767,0,0.857822817829424
768,1,0.062672635128218
769,1,0.310700482443062
770,0,0.229542580312971
771,1,0.260889331888498
772,1,0.081396389090296
773,0,0.364579213335809
774,0,0.309582413140504
775,1,0.307780327269474
776,1,0.230678924461341
777,1,0.270169665943115
778,0,0.963385079916636
779,1,0.124167159278134
780,0,0.600436209350544
781,1,0.477679831605999
782,0,0.502928056129788
783,0,0.114452170616055
784,0,0.55787820041495
785,1,0.859021135823041
786,0,0.157036525055965
787,1,0.253439977120423
788,0,0.809812584342454
789,0,0.23146721003247
790,0,0.330879684280443
791,1,0.19387490105892
792,0,0.767944406727712
793,1,0.924189648703102
794,0,0.883739305981369
795,0,0.731075507027926
796,1,0.436696121401276
797,0,0.165374405215298
798,1,0.611153211718373
799,0,0.649044507932636
800,0,0.230389965151989
801,0,0.932203686186204
802,0,0.251955837878901
803,1,0.688310217902591
804,0,0.434325951781541
805,1,0.376547983327077
806,0,0.749738366673882
807,0,0.325765498347186
808,0,0.672617815821305
809,0,0.012348378544084
810,0,0.507715189546402
811,1,0.674408170497568
812,1,0.351331826802786
813,0,0.264432602478669
814,0,0.941156911442435
815,0,0.87139601943963
816,0,0.546651477689524
817,1,0.899680958554539
818,1,0.200832453191551
819,1,0.946584098780292
820,0,0.245544715184062
821,0,0.884050045986236
822,0,0.757316009666484
823,0,0.846310968089556
824,1,0.356910433401222
825,0,0.917278047794019
826,0,0.435823615781774
827,1,0.293351732333815
828,1,0.652029596444159
829,0,0.465147552029231
830,0,0.288756638451877
831,0,0.504980916640577
832,0,0.209657424402271
833,1,0.614865617362945
834,1,0.307653438337628
835,0,0.041446020310933
836,0,0.390299552875294
837,0,0.434225677973481
838,1,0.40700748248461
839,0,0.332728250799264
840,1,0.345513154006261
841,0,0.964680130065754
842,0,0.063397705766799
843,0,0.876821506578072
844,0,0.538398537545599
845,0,0.107327608983663
846,0,0.942211536837792
847,0,0.027321455806269
848,0,0.761743100702313
849,1,0.844629956721845
850,0,0.023271238379502
851,0,0.628100103337626
852,0,0.545414509234477
853,0,0.316591801644904
854,0,0.022176870234164
855,1,0.414892112155536
856,1,0.810283448683793
857,1,0.655351615673397
858,0,0.642670543451859
859,0,0.990543441402811
860,0,0.23212989787951
861,0,0.647312200279569
862,0,0.88561662182488
863,1,0.992643618499874
864,1,0.490620090206681
865,0,0.400292854399063
866,0,0.613008000464301
867,0,0.841033018685875
868,0,0.406228529649281
869,0,0.511086647058107
870,0,0.505083208647607
871,0,0.978665211950949
872,0,0.661017513989112
873,1,0.564837027963221
874,0,0.133192124678582
875,0,0.616144269689189
876,1,0.167269293589402
877,0,0.394423764821759
878,0,0.057854718631785
879,0,0.457402224099339
880,0,0.698313828775109
881,1,0.881053386645291
882,0,0.583454194255449
883,0,0.292175707169224
884,0,0.219290916764627
885,0,0.511495283617945
886,0,0.220208820948297
887,0,0.021700185373082
888,1,0.863598785627904
889,0,0.275913945245973
890,1,0.118391220297156
891,0,0.386358846885485
892,0,0.468398407445284
893,1,0.056744396569184
894,1,0.843301867139328
895,0,0.459996818131242
896,0,0.038263066675783
897,0,0.300966804708636
898,0,0.797610114751973
899,1,0.971009728197989
900,0,0.664762870968441
901,1,0.484089213958478
902,1,0.506048472084086
903,1,0.121352124087209
904,0,0.122475466528224
905,0,0.684655523785412
906,0,0.10037116957346
907,1,0.771133339447771
908,0,0.658872714573172
909,0,0.084191841120676
910,0,0.005931348820271
911,1,0.674269239282525
912,0,0.661104306410533
913,1,0.875991630286894
914,0,0.238086285119608
915,0,0.726203377721955
916,1,0.508496741159345
917,0,0.426626475539037
918,1,0.844169535784417
919,1,0.341520643534039
920,0,0.844888423289592
921,0,0.081444681481515
922,1,0.908043397138422
923,0,0.725511214878878
924,0,0.505741440496682
925,0,0.526624380026714
926,0,0.710815168199446
927,1,0.538349512924961
928,0,0.192219765273961
929,0,0.303340025506294
930,0,0.10435688181354
931,0,0.167421539103987
932,0,0.537864003870621
933,1,0.466364122173753
934,1,0.193736218379937
935,0,0.435285777115432
936,0,0.556592425892999
937,0,0.888357322041463
938,0,0.822728087154782
939,0,0.233592452528541
940,0,0.100787497826772
941,0,0.343013067579931
942,1,0.281951451204811
943,0,0.651596442860156
944,0,0.339344940651965
945,1,0.07665766019499
946,1,0.807625804683263
947,1,0.272042699779354
948,0,0.675423081221733
949,0,0.440482184619211
950,1,0.605544721752123
951,0,0.191173146224929
952,0,0.605698813382983
953,0,0.901599224995729
954,0,0.680185566807485
955,0,0.301848210773879
956,0,0.311111476145522
957,0,0.791209483537769
958,1,0.666158325269556
959,0,0.47346258252181
960,0,0.270746777876499
961,0,0.247142426577102
962,0,0.266638193298803
963,1,0.747758120451512
964,0,0.370307771866814
965,1,0.519383412918352
966,0,0.855486353024015
967,0,0.225898997256091
968,0,0.879675404262991
969,0,0.721830584154314
970,0,0.536102954704797
971,1,0.730243237334377
972,1,0.218773644885406
973,0,0.625889272972584
974,0,0.662548507062145
975,1,0.682718549781202
976,1,0.467033336095517
977,0,0.985766096560457
978,0,0.456636084136261
979,1,0.710000406486066
980,1,0.239775023677408
981,0,0.008737132848272
982,0,0.521570501735755
983,0,0.734480816075844
984,0,0.08902214127221
985,0,0.811960738260868
986,1,0.664904980183364
987,0,0.084736237146687
988,1,0.83690018827917
989,0,0.589989570164165
990,0,0.868003124266581
991,1,0.743091202222882
992,0,0.818785753973308
993,0,0.292985035380752
994,1,0.738655572677358
995,0,0.754037721720068
996,1,0.055755068712871
997,1,0.519246872490588
998,1,0.582819340028663
999,1,0.248930116418096
1000,0,0.060585952449823
1001,0,0.179868213570272
1002,0,0.973549779204072
1003,0,0.748117738372546
1004,0,0.51120348913333
1005,0,0.779772699726506
1006,0,0.785824790570128
1007,0,0.983223070490851
1008,0,0.821168485772101
1009,0,0.656034606408993
1010,0,0.737105421445549
1011,0,0.884844201318417
1012,0,0.519249407530523
1013,0,0.930575529910894
1014,0,0.468060096086262
1015,0,0.5729194855518
1016,1,0.320569499183637
1017,1,0.689123854208484
1018,0,0.011837808209336
1019,1,0.859756096947574
1020,0,0.774550214029748
1021,0,0.162856618719628
1022,0,0.017039241332132
1023,1,0.610282347266213
1024,0,0.122097181245852
1025,0,0.725474784596753
1026,0,0.210401479513796
1027,0,0.31061849304714
1028,0,0.533117597415705
1029,0,0.567774935406439
1030,0,0.965614740202805
1031,0,0.922372284025786
1032,0,0.230919269685597
1033,1,0.51244512644899
1034,0,0.969678907059831
1035,1,0.797893886126173
1036,0,0.649556241549609
1037,0,0.498891336810011
1038,0,0.039759663150411
1039,1,0.619946217275778
1040,1,0.841472357220937
1041,0,0.382469656554445
1042,0,0.911940013800187
1043,0,0.494021381159943
1044,0,0.037181439949971
1045,0,0.881618991328911
1046,0,0.12468141693598
1047,0,0.637169261023438
1048,0,0.480132187543348
1049,0,0.931038519786327
1050,1,0.33046400501904
1051,1,0.272236491242763
1052,1,0.863124650456819
1053,0,0.55022592252154
1054,1,0.372295021617163
1055,0,0.589207292843058
1056,1,0.043897522305371
1057,0,0.230635432579183
1058,0,0.049146452309479
1059,0,0.885902448409725
1060,0,0.350157787562379
1061,0,0.595849363636175
1062,0,0.301545700588762
1063,0,0.346529987109224
1064,0,0.286406637461204
1065,0,0.275582979547642
1066,0,0.640081885784217
1067,1,0.092857016666725
1068,0,0.803131792109385
1069,0,0.790191176795951
1070,0,0.201445374198612
1071,0,0.306256330027864
1072,1,0.626625796509359
1073,0,0.662982400741582
1074,1,0.642603418712103
1075,0,0.260958121027099
1076,1,0.57187880107989
1077,1,0.447705466510669
1078,0,0.721956189704545
1079,1,0.589700336441169
1080,0,0.161238740761821
1081,0,0.265162725635876
1082,0,0.151644242990553
1083,0,0.465055314488474
1084,0,0.346197838155145
1085,0,0.920071056500905
1086,0,0.889365706954797
1087,0,0.692338689269169
1088,0,0.504113014437452
1089,0,0.581439082636831
1090,0,0.65932789779225
1091,0,0.33323555447354
1092,0,0.485807680208515
1093,0,0.814724382923978
1094,1,0.045469321991322
1095,1,0.533100176769205
1096,0,0.705356734349614
1097,1,0.340302991363121
1098,0,0.312392875995711
1099,1,0.692180316312002
1100,0,0.14632542241898
1101,1,0.167975413202478
1102,0,0.446762004232456
1103,0,0.396072487519789
1104,0,0.496247764377834
1105,0,0.307841347457477
1106,0,0.259095380061847
1107,1,0.093938639029327
1108,0,0.797940734535077
1109,0,0.151322992100918
1110,0,0.430472629914753
1111,0,0.861277951261095
1112,1,0.767962100392034
1113,0,0.642029621453493
1114,0,0.198143572177855
1115,1,0.142020375772821
1116,1,0.980446500342761
1117,0,0.405523067821988
1118,0,0.932651567419839
1119,1,0.196690452359652
1120,1,0.875917422879572
1121,0,0.155935994508814
1122,0,0.173835742834065
1123,1,0.824996052133256
1124,1,0.767575113756774
1125,0,0.260513388834355
1126,0,0.026462441738087
1127,0,0.88822630815909
1128,0,0.060185826623053
1129,0,0.534226710727553
1130,1,0.609620233332217
1131,1,0.756719228457533
1132,0,0.644338407049837
1133,0,0.225468962996826
1134,0,0.109470605044249
1135,1,0.825133913633287
1136,1,0.607338326789206
1137,1,0.377554810732537
1138,0,0.688075916832303
1139,0,0.636300428492215
1140,0,0.405932345048014
1141,0,0.637811799662983
1142,1,0.200183652292351
1143,0,0.247595331146493
1144,0,0.667248384396241
1145,0,0.868139844387679
1146,0,0.226441725371025
1147,1,0.509027681619963
1148,1,0.149015199475157
1149,0,0.745057707890896
1150,0,0.37186967953171
1151,0,0.902361399639409
1152,1,0.360905356688966
1153,0,0.480090843870857
1154,0,0.939165359062952
1155,0,0.780237001370863
1156,0,0.916589806515784
1157,0,0.178954519119462
1158,0,0.533885647640797
1159,0,0.445318333636106
1160,0,0.50196094675981
1161,0,0.794122555267722
1162,0,0.652844123628622
1163,0,0.539645898496194
1164,1,0.782738681140193
1165,0,0.829481310015152
1166,0,0.612731317577456
1167,1,0.201973146975993
1168,0,0.922891339285703
1169,0,0.329249643675482
1170,0,0.147985195785666
1171,0,0.359494653336123
1172,0,0.472022688770275
1173,1,0.209614378885284
1174,1,0.223353680455955
1175,0,0.152314184162879
1176,0,0.343571769888658
1177,1,0.816994848880277
1178,0,0.861220778452624
1179,1,0.917423567937036
1180,0,0.313406287571962
1181,1,0.377630399802731
1182,0,0.592558988830337
1183,0,0.406730856912751
1184,1,0.436740686034303
1185,0,0.409291276106881
1186,0,0.328512493770231
1187,0,0.825175101916745
1188,1,0.088187169689418
1189,0,0.583917571350659
1190,0,0.620709575230225
1191,0,0.645046352614195
1192,0,0.827186112849864
1193,1,0.078703072342856
1194,0,0.01465892359325
1195,0,0.5340309608996
1196,0,0.724052494348431
1197,0,0.890927371140561
1198,1,0.263201377915059
1199,0,0.221832050270224
1200,0,0.530223858617342
1201,1,0.8526170143558
1202,0,0.032832797323107
1203,1,0.176726973553786
1204,0,0.516450600312227
1205,0,0.720811085989882
1206,1,0.956092945633069
1207,1,0.122974399089495
1208,0,0.075478954208802
1209,1,0.642015330805661
1210,0,0.82694932501011
1211,0,0.74823271859328
1212,0,0.948046144046714
1213,1,0.06683212715654
1214,0,0.707391525344071
1215,0,0.483732970413222
1216,0,0.799271885801556
1217,0,0.74850101150225
1218,0,0.223924276175675
1219,0,0.236299866986796
1220,0,0.301859145955642
1221,0,0.951221985751598
1222,0,0.792653311893489
1223,1,0.631648859739178
1224,1,0.813669991280128
1225,0,0.851548332241997
1226,0,0.856151096645412
1227,0,0.808244327018271
1228,0,0.788718912150481
1229,1,0.945115313276604
1230,0,0.076377889931489
1231,0,0.851021235849138
1232,1,0.727969484835585
1233,0,0.041698305587396
1234,0,0.252846064780259
1235,0,0.049979359073998
1236,0,0.811156373464329
1237,0,0.714284012960532
1238,0,0.314816411250176
1239,0,0.767224315746376
1240,0,0.509991068615047
1241,0,0.434916496804011
1242,0,0.640415441433559
1243,0,0.350917969073662
1244,0,0.244985387342128
1245,0,0.951470290960374
1246,0,0.750595736003918
1247,0,0.534327811556266
1248,1,0.240519598181172
1249,1,0.575599335351554
1250,0,0.501428622396148
1251,0,0.078572921176574
1252,0,0.954268812977393
1253,0,0.275974475221679
1254,0,0.295084944777851
1255,0,0.658001998787023
1256,0,0.546257536395731
1257,0,0.769503187025881
1258,0,0.833137495105243
1259,0,0.751497075622063
1260,0,0.668547278293629
1261,0,0.087172368558074
1262,0,0.587612213172786
1263,0,0.637680706712082
1264,0,0.386864490201337
1265,0,0.974576023758281
1266,0,0.81500843584831
1267,0,0.641437019424466
1268,0,0.309812338930559
1269,0,0.60952546717544
1270,0,0.277031081055106
1271,0,0.030429629830808
1272,0,0.585653862879177
1273,0,0.365017984173212
1274,0,0.573235541630629
1275,0,0.804504480462466
1276,1,0.559566536887824
1277,0,0.749940885739458
1278,0,0.629305170793865
1279,0,0.720336276262093
1280,0,0.201751223770727
1281,0,0.11656464773345
1282,0,0.021825219944898
1283,1,0.949113298427264
1284,0,0.08025336096535
1285,1,0.191244999649009
1286,0,0.271582275031711
1287,0,0.68454358193593
1288,0,0.962741503239156
1289,1,0.731861790237629
1290,0,0.741805452993624
1291,0,0.569255829973359
1292,1,0.97043542097647
1293,0,0.237880068944275
1294,0,0.044317951249979
1295,0,0.06490703051232
1296,0,0.901325933141444
1297,0,0.408113821509425
1298,1,0.563848127076471
1299,0,0.555819603065627
1300,0,0.987058613394869
1301,0,0.984899960276013
1302,0,0.177314639389575
1303,0,0.178862503429188
1304,0,0.730909537172278
1305,0,0.444317672199675
1306,0,0.401442426618699
1307,0,0.997465043901803
1308,0,0.557876677314421
1309,0,0.174491209646022
1310,0,0.634731869954464
1311,0,0.047368206404784
1312,0,0.834015096183456
1313,0,0.237841997633216
1314,1,0.801908547462658
1315,0,0.039010858205077
1316,0,0.83805775822296
1317,0,0.366924131108676
1318,0,0.523104590064494
1319,0,0.573417037009833
1320,0,0.576313413795871
1321,0,0.839262130733153
1322,1,0.483929331756254
1323,0,0.036797719826376
1324,0,0.266331359231837
1325,0,0.376894510329181
1326,0,0.886766842220697
1327,0,0.752196032037866
1328,0,0.089470791835184
1329,0,0.94999142369929
1330,1,0.427987287409239
1331,1,0.911115906673649
1332,1,0.773002170837614
1333,0,0.696496397421522
1334,0,0.824810876020744
1335,1,0.315470209895438
1336,0,0.868042495743956
1337,0,0.910797110280261
1338,1,0.463385697519917
1339,0,0.38599651640181
1340,0,0.894630149560251
1341,0,0.200931480355584
1342,0,0.142636952695872
1343,1,0.669091724883049
1344,0,0.17215297055427
1345,0,0.769579344456301
1346,0,0.714941294033748
1347,0,0.246316102264408
1348,1,0.909341108939931
1349,0,0.3287880324413
1350,0,0.30618559103722
1351,0,0.030127993187844
1352,1,0.66259472203645
1353,1,0.898040412621481
1354,1,0.221921417340371
1355,1,0.712290605846874
1356,0,0.783000592823353
1357,1,0.620882101061809
1358,0,0.012342033476453
1359,0,0.247516632011616
1360,1,0.818233957433661
1361,0,0.102622098199154
1362,0,0.408299173192171
1363,0,0.040886987419132
1364,1,0.776723156680854
1365,0,0.187587694397953
1366,1,0.601363868607196
1367,0,0.836485864920118
1368,1,0.015145301198053
1369,1,0.215017794328411
1370,0,0.999912596677578
1371,0,0.652989598907403
1372,0,0.470277572024423
1373,0,0.443347513812703
1374,0,0.355427657355825
1375,0,0.244703210711443
1376,0,0.684608255795946
1377,0,0.471078810707641
1378,0,0.86522552209023
1379,0,0.085410091543411
1380,0,0.021508665949581
1381,0,0.844282245032666
1382,0,0.980588825905205
1383,0,0.059014217533823
1384,0,0.555876309982521
1385,0,0.658928529201632
1386,0,0.823083154248117
1387,1,0.436363018810291
1388,0,0.759509174884809
1389,0,0.539034401165197
1390,0,0.482519127011425
1391,1,0.585767127215243
1392,0,0.885021837826872
1393,0,0.680696690747551
1394,0,0.571485439277564
1395,1,0.651468265528134
1396,1,0.506553266452672
1397,1,0.170401075128039
1398,0,0.801765832778236
1399,0,0.016997861808839
1400,0,0.966852629224589
1401,0,0.652522929826281
1402,0,0.011454316500369
1403,1,0.53826448583495
1404,0,0.124354370764012
1405,0,0.717388731027184
1406,0,0.146733918406496
1407,0,0.026325094910376
1408,0,0.773480048375621
1409,1,0.871469874816571
1410,0,0.607412488333656
1411,0,0.815879193690957
1412,0,0.689060195011453
1413,1,0.731465394699452
1414,0,0.556277477532616
1415,0,0.284771022109017
1416,0,0.874729446429612
1417,0,0.951662837954463
1418,1,0.197891728277928
1419,0,0.128678463302934
1420,0,0.324497235620402
1421,1,0.653628386550109
1422,0,0.455963148034186
1423,0,0.500126984847968
1424,0,0.577817164234294
1425,0,0.208380951602945
1426,0,0.618086046624311
1427,0,0.116272642537006
1428,0,0.441687706491189
1429,1,0.338856086174585
1430,0,0.061806867901908
1431,0,0.446774076854784
1432,1,0.286851985629417
1433,0,0.087480304487992
1434,0,0.798797825382507
1435,0,0.980959124791452
1436,1,0.227337079064227
1437,1,0.53561118754319
1438,0,0.562442828652813
1439,1,0.371525111488267
1440,0,0.075423190882944
1441,0,0.013728308697697
1442,0,0.138176735632855
1443,0,0.364791188149998
1444,1,0.831022731918722
1445,1,0.723018688693387
1446,0,0.209902808789148
1447,0,0.766306351608835
1448,0,0.083924417156328
1449,1,0.085175043673733
1450,0,0.251747170831117
1451,1,0.542405927726646
1452,0,0.603765022950393
1453,0,0.056250622884821
1454,1,0.529848659369242
1455,0,0.242349931302713
1456,1,0.422061320348131
1457,0,0.215866014927792
1458,0,0.676455136901764
1459,0,0.832494446812958
1460,0,0.419297228861262
1461,0,0.970111230941325
1462,1,0.295527195201756
1463,1,0.003204253820148
1464,1,0.593292811410089
1465,0,0.099226581459457
1466,0,0.653094807476971
1467,0,0.177078172701814
1468,1,0.25719833128661
1469,0,0.793261220738037
1470,1,0.776370184117845
1471,0,0.850900673630371
1472,1,0.73072937258131
1473,1,0.434427980358961
1474,0,0.301449023063881
1475,0,0.456243626994104
1476,1,0.59361651774409
1477,1,0.344119986432024
1478,0,0.739706501817553
1479,0,0.083475251005974
1480,1,0.830326268191875
1481,0,0.70599440832434
1482,0,0.203151474679521
1483,0,0.258476766861954
1484,0,0.446317402426262
1485,0,0.919136157780622
1486,0,0.302228297386713
1487,0,0.610992773952722
1488,1,0.691001630201051
1489,0,0.735614294258395
1490,1,0.825253717007349
1491,1,0.862610666556727
1492,0,0.918563188692381
1493,1,0.042710336886132
1494,0,0.6033825424771
1495,0,0.45962645768803
1496,0,0.518471671009654
1497,0,0.410888127720476
1498,0,0.50010113550299
1499,0,0.517563947029488
1500,0,0.225221644419628
1501,0,0.907117412718977
1502,1,0.878514588257275
1503,0,0.013935278179203
1504,1,0.737255078879876
1505,0,0.210749178660056
1506,0,0.602748774213473
1507,1,0.874363472339511
1508,0,0.192476167293375
1509,0,0.02614841682948
1510,0,0.513743679801167
1511,1,0.95136894399166
1512,1,0.353483273051573
1513,1,0.667906084717439
1514,1,0.411980932288729
1515,0,0.614466205622945
1516,0,0.056912659738364
1517,0,0.741922149974463
1518,0,0.124685984896429
1519,0,0.772596743466641
1520,0,0.052861021522945
1521,0,0.958172629142534
1522,1,0.064660355368903
1523,0,0.779183280607568
1524,0,0.950439139682986
1525,0,0.740283579177171
1526,1,0.819443462754941
1527,1,0.751081008166632
1528,0,0.030450111529576
1529,0,0.142359037059059
1530,1,0.199352452473154
1531,0,0.723008685727826
1532,0,0.679092966734625
1533,1,0.990983735329989
1534,0,0.554079327290498
1535,0,0.219793352944275
1536,0,0.993482818690511
1537,0,0.531381630717088
1538,1,0.554917354777297
1539,0,0.362022468675738
1540,1,0.229532365750157
1541,1,0.129551143654348
1542,0,0.023895385534545
1543,0,0.691606042512727
1544,0,0.484527168084262
1545,0,0.042455436034484
1546,0,0.461310764717027
1547,0,0.659935366513287
1548,0,0.818425975844495
1549,0,0.978510529250683
1550,0,0.666025443760103
1551,0,0.388836962517198
1552,0,0.517116888739922
1553,0,0.74371988557739
1554,0,0.786432834143016
1555,0,0.478373247365975
1556,0,0.681861199682723
1557,0,0.83314282157259
1558,0,0.347195251181294
1559,0,0.272073628066884
1560,0,0.125035728928656
1561,0,0.426797815254452
1562,0,0.459276603090556
1563,0,0.298832214103662
1564,1,0.942823649382875
1565,0,0.137233803931434
1566,0,0.70148350613564
1567,0,0.758741991136909
1568,0,0.453884156128937
1569,1,0.971620632498733
1570,0,0.17928278287234
1571,0,0.530316908374605
1572,0,0.075031541897213
1573,0,0.441656536551972
1574,0,0.403042181356545
1575,1,0.986692900148447
1576,0,0.308661512487029
1577,1,0.141232927704591
1578,0,0.657283583040257
1579,0,0.946904787867231
1580,0,0.555822920607489
1581,0,0.804057072273609
1582,0,0.481550860868603
1583,0,0.097923787204422
1584,0,0.431104165249254
1585,1,0.900068759479054
1586,0,0.558123818319045
1587,0,0.634141495633223
1588,1,0.419312564765749
1589,0,0.814980106972876
1590,0,0.685110486250336
1591,1,0.593839498159604
1592,1,0.390956152494542
1593,0,0.179141480669845
1594,1,0.052724764289107
1595,0,0.825821124934316
1596,0,0.398267364130211
1597,1,0.912613392339014
1598,0,0.448511959243805
1599,0,0.123947504254995
1600,0,0.127378149568253
1601,0,0.567207065131653
1602,0,0.680167249636105
1603,0,0.722169577938754
1604,0,0.065157052864105
1605,0,0.761075792178048
1606,0,0.719153390125781
1607,0,0.753887720941247
1608,0,0.73974799941252
1609,0,0.967266710741857
1610,0,0.233730009707069
1611,0,0.994552692833945
1612,0,0.167604995734489
1613,1,0.750671804040267
1614,1,0.593558951559
1615,1,0.108027352643613
1616,1,0.121898012764729
1617,0,0.120645693544091
1618,1,0.352607419873266
1619,1,0.584258701726049
1620,0,0.205265615747683
1621,1,0.514016371310255
1622,1,0.035074543475883
1623,0,0.699619357589314
1624,0,0.866143187419434
1625,0,0.742927205810984
1626,0,0.727277317401724
1627,0,0.669172049032654
1628,0,0.427445922952988
1629,1,0.508916739408395
1630,0,0.887264775093068
1631,0,0.514239603541465
1632,0,0.635480697031929
1633,1,0.94794985757917
1634,0,0.715358617720721
1635,1,0.863187160728905
1636,0,0.703615685559267
1637,1,0.948077679372825
1638,0,0.161498045242583
1639,0,0.188377048612604
1640,0,0.357123133717103
1641,0,0.567120555386442
1642,0,0.265526791083348
1643,0,0.771438794793376
1644,0,0.340606744765943
1645,0,0.385327085207952
1646,0,0.047195574865915
1647,0,0.970062064942677
1648,0,0.258444204562052
1649,1,0.459670486428517
1650,0,0.40683517529165
1651,1,0.65829802039968
1652,1,0.687475628966726
1653,0,0.687705553096408
1654,0,0.780744019541052
1655,0,0.504862640731903
1656,1,0.467761837427946
1657,1,0.935394982327273
1658,0,0.066058864399858
1659,0,0.762111811689698
1660,1,0.894753317017197
1661,0,0.998845168496339
1662,0,0.305835416452464
1663,0,0.760121392500621
1664,0,0.181184798185574
1665,0,0.878917672188669
1666,1,0.220886398612683
1667,1,0.55057874403748
1668,0,0.961122392655569
1669,1,0.322237128598384
1670,0,0.545177237311406
1671,0,0.991632681423118
1672,1,0.953281472430082
1673,0,0.649786583835065
1674,0,0.253399226872113
1675,0,0.221452633131727
1676,0,0.462233818711553
1677,0,0.57014031146749
1678,1,0.163977265914572
1679,0,0.196226031070849
1680,1,0.689895454116786
1681,0,0.617533610780796
1682,0,0.720057669825363
1683,0,0.702796579379527
1684,1,0.512043243147553
1685,0,0.978187271080443
1686,1,0.189904365227137
1687,0,0.918595652631706
1688,1,0.259499623044217
1689,0,0.763480812832906
1690,1,0.895589124622071
1691,0,0.09074553694201
1692,0,0.706444448181882
1693,0,0.900970814602634
1694,0,0.483727404997989
1695,0,0.849970935082258
1696,0,0.699886676806989
1697,1,0.221106577543649
1698,0,0.231952576389903
1699,1,0.318752481698806
1700,1,0.648066138456061
1701,1,0.570476025087447
1702,0,0.927033971084491
1703,0,0.610433689841192
1704,1,0.71915674572485
1705,1,0.726703227960266
1706,1,0.393273052275897
1707,0,0.268615367020596
1708,1,0.716926655736845
1709,0,0.638252901788107
1710,0,0.816207346026664
1711,0,0.423149617058704
1712,0,0.982712005183459
1713,1,0.973195781640693
1714,0,0.470904417862734
1715,1,0.568162481538801
1716,0,0.750300568479795
1717,0,0.781694802868834
1718,0,0.695367675750618
1719,0,0.17009824089679
1720,1,0.629317040094541
1721,0,0.034983436414647
1722,1,0.368717984609662
1723,1,0.961312471476505
1724,0,0.938405617155669
1725,1,0.309511033078466
1726,0,0.978707863566325
1727,0,0.395776597942301
1728,0,0.552312827068292
1729,0,0.436235039338574
1730,0,0.752929300721553
1731,1,0.382757746335864
1732,1,0.782726670746954
1733,0,0.960053475421694
1734,0,0.947689501207784
1735,0,0.946028107332512
1736,0,0.024089274687112
1737,0,0.996858302657551
1738,0,0.231344507280162
1739,0,0.334165813380074
1740,0,0.00418589522799
1741,0,0.662987113775379
1742,0,0.022724990239146
1743,0,0.109962102870315
1744,1,0.022574922706021
1745,1,0.611601407122887
1746,0,0.203582151014327
1747,0,0.989589400489814
1748,1,0.519744812812455
1749,0,0.762768300422017
1750,1,0.051953726870858
1751,0,0.322404335688976
1752,1,0.691106348035205
1753,1,0.54569036212522
1754,1,0.94671792804774
1755,0,0.843999419899949
1756,0,0.026173624087499
1757,1,0.987530946670488
1758,0,0.515483324962371
1759,1,0.45763217347127
1760,1,0.715535643105743
1761,1,0.985767952247705
1762,0,0.346186727524577
1763,0,0.127830011625587
1764,0,0.595788074323162
1765,0,0.897823704138671
1766,0,0.258422144351266
1767,0,0.629140995602804
1768,1,0.093557781151241
1769,1,0.338886265253907
1770,0,0.943343397711362
1771,0,0.66621198429893
1772,0,0.418250894880068
1773,1,0.491316386991029
1774,0,0.22441925182894
1775,1,0.256461921396868
1776,1,0.808075160077068
1777,0,0.496574195796405
1778,0,0.510906684867239
1779,0,0.963533536187378
1780,1,0.876356700736966
1781,1,0.478676727744015
1782,0,0.387895387798311
1783,0,0.01299341106703
1784,1,0.990181669846362
1785,1,0.16593015971944
1786,0,0.589574537661127
1787,0,0.147080302822236
1788,0,0.543950913283305
1789,0,0.63786161845659
1790,0,0.923753951223776
1791,0,0.365720454068791
1792,0,0.26075513602547
1793,0,0.453303719298506
1794,0,0.724768540150385
1795,0,0.656898591593792
1796,0,0.041433815076401
1797,1,0.771803057825611
1798,0,0.923101228627436
1799,0,0.151011107896022
1800,0,0.990616205159738
1801,0,0.240768046758292
1802,0,0.957417342591511
1803,0,0.50718750402305
1804,0,0.075014944016656
1805,0,0.907035007156872
1806,1,0.477603294685551
1807,0,0.203638847022306
1808,0,0.385638109804815
1809,0,0.991057135656657
1810,0,0.648799228347769
1811,0,0.493577089379575
1812,0,0.462190947252345
1813,1,0.388155247594573
1814,1,0.846715809785776
1815,0,0.61048318813637
1816,1,0.780239255795543
1817,0,0.362455471362702
1818,0,0.526343036440498
1819,0,0.485761809750671
1820,0,0.13377427132252
1821,0,0.282250456114569
1822,0,0.783184100794346
1823,0,0.071017285934923
1824,0,0.383954721372804
1825,0,0.296094091332717
1826,0,0.502348725857962
1827,1,0.776993037009036
1828,0,0.415362902918377
1829,1,0.174992353895563
1830,0,0.40131870877412
1831,0,0.955422071608835
1832,0,0.078782442926982
1833,0,0.133209875304142
1834,0,0.40933036065422
1835,0,0.316016364296655
1836,0,0.483006741337648
1837,1,0.363483254662544
1838,0,0.960994947556243
1839,0,0.236603949860937
1840,1,0.447205370858539
1841,0,0.910740977512447
1842,1,0.632377618443266
1843,1,0.014014362349334
1844,1,0.430373174976698
1845,0,0.443478477350229
1846,0,0.721204413095844
1847,0,0.245085886606638
1848,0,0.890600400778099
1849,0,0.766701876359561
1850,0,0.705703387962817
1851,1,0.431807251179889
1852,0,0.755802415671716
1853,0,0.723527110225332
1854,0,0.875763317682473
1855,0,0.17555326463087
1856,1,0.024375293357499
1857,0,0.951940626645849
1858,1,0.4602347054468
1859,1,0.123698590242714
1860,0,0.736072005081535
1861,0,0.228131670270744
1862,0,0.114617995892003
1863,0,0.237964913435534
1864,1,0.533945625024098
1865,0,0.38274485355161
1866,0,0.163927334923256
1867,0,0.069582737273245
1868,0,0.891374305228652
1869,0,0.676110045802783
1870,0,0.724706320301744
1871,0,0.492270283404546
1872,0,0.391487080920157
1873,0,0.326498501472491
1874,0,0.227038006879535
1875,1,0.793330230958094
1876,0,0.710304910525238
1877,0,0.670912756167451
1878,0,0.092807582412803
1879,0,0.380342953197068
1880,0,0.79647260803208
1881,0,0.376898271426392
1882,1,0.735445285077206
1883,0,0.567334986825437
1884,0,0.950976094743511
1885,0,0.610201943677643
1886,0,0.811650165677169
1887,0,0.398230224851841
1888,0,0.628010691179218
1889,0,0.740892689087412
1890,0,0.198855424446215
1891,0,0.52635197044917
1892,1,0.86898687344681
1893,0,0.744509707967999
1894,0,0.698869119027911
1895,0,0.84761302679807
1896,0,0.577160181371863
1897,0,0.091845998969702
1898,0,0.820265257755365
1899,0,0.13510571267342
1900,0,0.172738191367522
1901,1,0.259319465636288
1902,0,0.208569591163276
1903,1,0.7484587859558
1904,0,0.100641034495766
1905,0,0.437423291758601
1906,0,0.903957942927789
1907,1,0.232570115825843
1908,1,0.483402210128731
1909,1,0.884924024835392
1910,1,0.887783198574991
1911,0,0.442518163910619
1912,0,0.884774155347687
1913,0,0.983906864461164
1914,0,0.854891250727454
1915,0,0.851604204634765
1916,0,0.969274629788057
1917,0,0.10236986918754
1918,0,0.909039032246099
1919,0,0.750141962933306
1920,0,0.485776881229082
1921,1,0.723267170344943
1922,0,0.106547214565879
1923,1,0.479888505741057
1924,0,0.68830047652005
1925,0,0.625468041926392
1926,0,0.581245613644595
1927,0,0.314437112169833
1928,1,0.138327387356464
1929,0,0.571107849114303
1930,0,0.727233657646312
1931,0,0.547631519211095
1932,0,0.524557060822208
1933,0,0.63664514422989
1934,0,0.573137748149021
1935,1,0.829383677726278
1936,1,0.502420915699596
1937,0,0.388194015591669
1938,0,0.492733952795947
1939,0,0.538226369640591
1940,0,0.847072698532512
1941,0,0.295529744069435
1942,0,0.557268130927941
1943,0,0.33180495867127
1944,0,0.744744312713717
1945,0,0.441004202725026
1946,1,0.796899155658311
1947,0,0.472740682293331
1948,0,0.847558055203132
1949,1,0.973608669817406
1950,0,0.085042997272978
1951,0,0.885581033113536
1952,0,0.143928110311373
1953,0,0.515001270180169
1954,1,0.303820954264862
1955,1,0.860567042564451
1956,0,0.842297871079312
1957,1,0.173050247145423
1958,0,0.658331284406739
1959,0,0.73664004333716
1960,0,0.6804936609649
1961,1,0.422788728296887
1962,1,0.48877008961869
1963,1,0.316701584766674
1964,0,0.917219872656286
1965,1,0.369277964748575
1966,0,0.562742603619908
1967,0,0.346409712200402
1968,0,0.520464838462085
1969,0,0.099694007661376
1970,0,0.860109386608896
1971,0,0.087571152767889
1972,1,0.934976755326507
1973,1,0.69405803071211
1974,0,0.325998185090274
1975,1,0.130524891668975
1976,1,0.114748743009895
1977,1,0.826513247241373
1978,0,0.055545074312576
1979,1,0.511612017652307
1980,1,0.534942042567618
1981,1,0.526114203553107
1982,0,0.114382273997329
1983,1,0.785600075758703
1984,0,0.792021238276029
1985,0,0.751375110253125
1986,1,0.833752238147306
1987,0,0.261277614355615
1988,0,0.708049998451993
1989,0,0.537864703564387
1990,0,0.12597300273096
1991,1,0.970263577943652
1992,0,0.642139445295819
1993,1,0.270721931890176
1994,0,0.063147837796158
1995,0,0.890379172307806
1996,0,0.311916337050831
1997,1,0.326431922617003
1998,0,0.260662547339213
1999,0,0.140913085278201
2000,1,0.930713639418822
2001,1,0.725449024325574
2002,0,0.093358684972792
2003,0,0.659665114991461
2004,0,0.685611486986174
2005,0,0.458330751003327
2006,0,0.648701765959337
2007,0,0.994388678500286
2008,0,0.289094226463145
2009,0,0.741430000692074
2010,0,0.802488394305982
2011,0,0.931322923894754
2012,0,0.491198728915076
2013,0,0.923610845486596
2014,0,0.178923828540153
2015,0,0.774198402764948
2016,0,0.50565664329009
2017,1,0.863840963102595
2018,0,0.66168407054519
2019,0,0.000862337891743
2020,0,0.712020054384798
2021,0,0.808087098380591
2022,0,0.152655524203582
2023,0,0.131598890280884
2024,1,0.668945174969558
2025,0,0.564184587496162
2026,1,0.362644942886296
2027,0,0.9579338234476
2028,0,0.408371458755165
2029,0,0.976585977283848
2030,0,0.890020544797758
2031,0,0.482666043298421
2032,0,0.29118567936925
2033,1,0.886919499719926
2034,0,0.355940647489239
2035,0,0.143282418502735
2036,0,0.812798336541841
2037,0,0.999064262531068
2038,0,0.622617315457167
2039,0,0.753057996859834
2040,0,0.151474896697246
2041,0,0.556239758976271
2042,0,0.631117795624388
2043,0,0.40382599070292
2044,0,0.737892441481188
2045,1,0.215777829904153
2046,1,0.584693701469833
2047,0,0.328315730477718
2048,0,0.689961327280786
2049,1,0.813616198711254
2050,0,0.046806190892062
2051,0,0.228575057889063
2052,0,0.694357943545098
2053,0,0.660279449429918
2054,0,0.670119332035875
2055,1,0.838457001380428
2056,0,0.774487223133225
2057,0,0.524350288875721
2058,0,0.29267260455431
2059,1,0.88805603052618
2060,1,0.184746910995984
2061,0,0.491929209032806
2062,0,0.864541737878887
2063,0,0.384957544856804
2064,0,0.851173608121805
2065,0,0.676166355715082
2066,1,0.76921334667034
2067,0,0.771011327457966
2068,0,0.237219537379326
2069,0,0.413242702343878
2070,0,0.767895834621106
2071,1,0.422231268419026
2072,0,0.558949840742676
2073,1,0.778519543856885
2074,0,0.269445843788861
2075,1,0.553198681750674
2076,0,0.416773562394603
2077,0,0.851417843511863
2078,1,0.815984093281204
2079,0,0.56873221351892
2080,0,0.198804017906519
2081,0,0.124407208952506
2082,0,0.866794308151528
2083,0,0.189540597505972
2084,1,0.568793108596005
2085,1,0.519799858673982
2086,1,0.612015753584048
2087,0,0.043328062047497
2088,0,0.054794216078493
2089,0,0.010413135786988
2090,0,0.14715652755408
2091,0,0.341300810078813
2092,0,0.594433179467948
2093,0,0.23176214083583
2094,1,0.254329976337342
2095,0,0.954885377764
2096,1,0.773963348261505
2097,0,0.813640930531759
2098,1,0.515284466339022
2099,0,0.854485023408241
2100,0,0.905140569128868
2101,1,0.354613180138219
2102,0,0.262319006045807
2103,1,0.402956510109666
2104,0,0.436650020965697
2105,0,0.93703749183143
2106,0,0.041912150888083
2107,0,0.781443734069751
2108,1,0.98660151137409
2109,0,0.492336778124672
2110,0,0.012774808299452
